{
    "keep": {
        "days": true,
        "amount": 14
    },
    "auditLog": "src\\logs\\success\\.2b4ee228c17c59d3616cd3fd9607f0c2c4b9b789-audit.json",
    "files": [
        {
            "date": 1717167953902,
            "name": "src\\logs\\success\\success-2024-05-31-21-05.log",
            "hash": "e53ba2039d6be376bb170f7c03ea424951fe53b65eb024dc298da4d4b694994a"
        },
        {
            "date": 1717167968657,
            "name": "src\\logs\\success\\success-2024-05-31-21-06.log",
            "hash": "2e8c99fbd5e445f2ce63796b4354453f2433ad9fd2feaaa359c4b832b47377f2"
        },
        {
            "date": 1717168030546,
            "name": "src\\logs\\success\\success-2024-05-31-21-07.log",
            "hash": "d78092f6106e04b444cd8e577ded3b30903cd232c3158fcb90484bb92b73756e"
        },
        {
            "date": 1717168089821,
            "name": "src\\logs\\success\\success-2024-05-31-21-08.log",
            "hash": "457c9c23754c1f3ac3bc2f7b2d9321f6d7f4cb4d91ccff92d3def01af0df9a90"
        },
        {
            "date": 1717168203043,
            "name": "src\\logs\\success\\success-2024-05-31-21-10.log",
            "hash": "8abf4159b66bcd443ceefde23595c542c41344df9efba9c407a4403e006ed1de"
        },
        {
            "date": 1717168285194,
            "name": "src\\logs\\success\\success-2024-05-31-21-11.log",
            "hash": "f6e895429b528c98add92f4b51550e797b5d7452915e8230591bc9e3cc149306"
        },
        {
            "date": 1717168363769,
            "name": "src\\logs\\success\\success-2024-05-31-21-12.log",
            "hash": "864a814d9c2c08fa55500f7957593e2e8f8057383634fe78b484315686e8651a"
        },
        {
            "date": 1717168381134,
            "name": "src\\logs\\success\\success-2024-05-31-21-13.log",
            "hash": "27ce4f87d3c643cb6a4a99a2c0878a6810df27233fa6dd1f68472b129a13f75e"
        },
        {
            "date": 1717168444941,
            "name": "src\\logs\\success\\success-2024-05-31-21-14.log",
            "hash": "2b669a9a90750c7839dbcfa3ae0a8faafd81caba6412f8729ddd1ba4a5d9cfb6"
        },
        {
            "date": 1717168510946,
            "name": "src\\logs\\success\\success-2024-05-31-21-15.log",
            "hash": "a11fee10f406e97ee0d6a866d18d7189a451a8c9a2ef1fc98622e7c7e003d90a"
        },
        {
            "date": 1717168562888,
            "name": "src\\logs\\success\\success-2024-05-31-21-16.log",
            "hash": "e1e17a42e9f6e5c29933c019cdaf6b032656b741cd37e78f59290dff7d5d4a4e"
        },
        {
            "date": 1717168622946,
            "name": "src\\logs\\success\\success-2024-05-31-21-17.log",
            "hash": "259268dca7c8a9727ae0527200e5c1753d09b55b95ff2838fae78607643f10a7"
        },
        {
            "date": 1717168697043,
            "name": "src\\logs\\success\\success-2024-05-31-21-18.log",
            "hash": "384da170d604e0ae8726318e62bf13893be1d283da12f3cb7ab8708ebcdc7253"
        },
        {
            "date": 1717169708189,
            "name": "src\\logs\\success\\success-2024-05-31-21-35.log",
            "hash": "b85a82121b46c0d81ac2eb8efbf828055054ac9b1ae877be7ede02792f163f39"
        },
        {
            "date": 1717172436564,
            "name": "src\\logs\\success\\success-2024-05-31-22-20.log",
            "hash": "1b8b66516e421f4c26eadc6bfa520375d3ab0a8d48783fd731846130a0b46b63"
        },
        {
            "date": 1717172492663,
            "name": "src\\logs\\success\\success-2024-05-31-22-21.log",
            "hash": "e755473d69ef2cfe78b0f7a49d9df302c90958dec3e25e12772e73f36bdfec5d"
        },
        {
            "date": 1717172538227,
            "name": "src\\logs\\success\\success-2024-05-31-22-22.log",
            "hash": "c51bced15288df238c83a3fb604326a141365b9b7372890c084fe76da8c62c66"
        },
        {
            "date": 1717172594471,
            "name": "src\\logs\\success\\success-2024-05-31-22-23.log",
            "hash": "2c54b2046f3410c7156aa45b4b6a0a27721af1c02d2a7c107e6dc03211fa57c9"
        },
        {
            "date": 1717172695141,
            "name": "src\\logs\\success\\success-2024-05-31-22-24.log",
            "hash": "6dd13a4f7bb25020c8d07f179f247fe449192b334186ceb08465a6e211c34301"
        },
        {
            "date": 1717172711563,
            "name": "src\\logs\\success\\success-2024-05-31-22-25.log",
            "hash": "5b27b11d8775c893ec5087f820638971ee84ef7e09f022c4199f9949eb685bc9"
        },
        {
            "date": 1717172948781,
            "name": "src\\logs\\success\\success-2024-05-31-22-29.log",
            "hash": "5dfbfaea5fb1af4a54eb9a66da68899555bebde3e6cae51fc9cb87579cf09f76"
        },
        {
            "date": 1717174164916,
            "name": "src\\logs\\success\\success-2024-05-31-22-49.log",
            "hash": "312cbde4ece5698d987d43cd0e99a0c4552a2b5ae851b5605f5ffd08d27d673e"
        },
        {
            "date": 1717174582384,
            "name": "src\\logs\\success\\success-2024-05-31-22-56.log",
            "hash": "5c0d2a26201410e92cf3c71d75e92404c48c88f8d7c33eefdf268433ab9bc395"
        },
        {
            "date": 1717174657645,
            "name": "src\\logs\\success\\success-2024-05-31-22-57.log",
            "hash": "eb6fa0630d3ed3666d2bb98310cdb9a4f3e3bc5918ca0f01f45c1de7a620d9e5"
        },
        {
            "date": 1717175050055,
            "name": "src\\logs\\success\\success-2024-05-31-23-04.log",
            "hash": "f6ed2f2fd5c650a9e69338877a712e01d9105b89e8ec8fca136fa16c1ab42b84"
        },
        {
            "date": 1717176255852,
            "name": "src\\logs\\success\\success-2024-05-31-23-24.log",
            "hash": "6681ba132c0744a5e86f720fe3960f98fdf8c562688bb6119e1ef0887f45a5e8"
        },
        {
            "date": 1717176457135,
            "name": "src\\logs\\success\\success-2024-05-31-23-27.log",
            "hash": "7000530563ba6334bbbeca978344ea05135213ed6edce701dec77fa8effed6a2"
        },
        {
            "date": 1717176508952,
            "name": "src\\logs\\success\\success-2024-05-31-23-28.log",
            "hash": "bf92eae0b0d28b9ab45b34bd02735fe0bb0cca6e7b4e70be2db1feb99fc6ea2e"
        },
        {
            "date": 1717177955632,
            "name": "src\\logs\\success\\success-2024-05-31-23-52.log",
            "hash": "76e4f3e7f9f5bb60cfae35068c30e0bef89d6da8fb69f38361eda4ef442d1165"
        },
        {
            "date": 1717178252471,
            "name": "src\\logs\\success\\success-2024-05-31-23-57.log",
            "hash": "133c1e1bd1112db355d41a336290634f26be5bfbc1cc4d3605a3d4de3fd8f9bc"
        },
        {
            "date": 1717178281224,
            "name": "src\\logs\\success\\success-2024-05-31-23-58.log",
            "hash": "4201266fc1f2e5ec6e1a9a3a48e50c71d08d419278236f8deb62994f11683d66"
        },
        {
            "date": 1717178401511,
            "name": "src\\logs\\success\\success-2024-06-01-00-00.log",
            "hash": "410940ef489eb29a2a41bb7f777cd902a020550d911e2a121e665dd1d05fa91d"
        },
        {
            "date": 1717178470774,
            "name": "src\\logs\\success\\success-2024-06-01-00-01.log",
            "hash": "687afbc22528ada365f05c7a09a9a115c30eed19fdd55b710eabf5698b5e784e"
        },
        {
            "date": 1717178535834,
            "name": "src\\logs\\success\\success-2024-06-01-00-02.log",
            "hash": "88fc322011eae779d22630fa1cc5efc88106a907cc2fb196468f4956661e605b"
        },
        {
            "date": 1717179041123,
            "name": "src\\logs\\success\\success-2024-06-01-00-10.log",
            "hash": "7584361c07c6533fce5027188fe2d656e1272d1969506049f21c2036cfb027b0"
        },
        {
            "date": 1717179081668,
            "name": "src\\logs\\success\\success-2024-06-01-00-11.log",
            "hash": "b38310cd4511b19cceca104f9638a8c23742031b6694062a58a5bb6841287e73"
        },
        {
            "date": 1717179135403,
            "name": "src\\logs\\success\\success-2024-06-01-00-12.log",
            "hash": "c6edc09d6b5c057d1db98d905fc36fd98b581b51043692900acd67846deaee52"
        },
        {
            "date": 1717179183850,
            "name": "src\\logs\\success\\success-2024-06-01-00-13.log",
            "hash": "eec3d2f2a9571f6fa5496a73a29882b958af99badcbaab5a060ffe20e5ac187c"
        },
        {
            "date": 1717179253809,
            "name": "src\\logs\\success\\success-2024-06-01-00-14.log",
            "hash": "f2f13b1d220b09d22aee8fb19f358132cae8f6c863a73dbdfac12595cac8b016"
        },
        {
            "date": 1717179365027,
            "name": "src\\logs\\success\\success-2024-06-01-00-16.log",
            "hash": "b44eb6b0830f8766c33366306e86ff0bdad9873c33cfb9745c46c737185b1424"
        },
        {
            "date": 1717179689259,
            "name": "src\\logs\\success\\success-2024-06-01-00-21.log",
            "hash": "e8fd2b45b9530b61749d849697b23006251d115eced1fc39ced0ff0d13aed4de"
        },
        {
            "date": 1717180083509,
            "name": "src\\logs\\success\\success-2024-06-01-00-28.log",
            "hash": "b564ec413b38818844960af207899d495269274eff6dc9c2a8a80e62e61b402c"
        },
        {
            "date": 1717180147034,
            "name": "src\\logs\\success\\success-2024-06-01-00-29.log",
            "hash": "ef47b0124084e13947f30c891d340748f8ec34d46f9ef72e9dbd23b2204e2b1f"
        },
        {
            "date": 1717180200901,
            "name": "src\\logs\\success\\success-2024-06-01-00-30.log",
            "hash": "8c6307a3c15195cae9a5c5b9ab580fe280021b13c5c7bdb43f3a21dbdc2e7b88"
        },
        {
            "date": 1717180277387,
            "name": "src\\logs\\success\\success-2024-06-01-00-31.log",
            "hash": "1b566088e9b14bdb7adf8d59bf2ab921a3b56feddb1d7cb1cdec15e182a17c9e"
        },
        {
            "date": 1717182157312,
            "name": "src\\logs\\success\\success-2024-06-01-01-02.log",
            "hash": "1b5736fe5dbd92be7cfb06b8d49d8345c6deb93e7e7afc01dd3cac21ea062c03"
        },
        {
            "date": 1717182237990,
            "name": "src\\logs\\success\\success-2024-06-01-01-03.log",
            "hash": "bf593fecebf212f40b8a2d2cdd33c3e577b2e0f435e79b98dcef63c3786ad024"
        },
        {
            "date": 1717182301819,
            "name": "src\\logs\\success\\success-2024-06-01-01-05.log",
            "hash": "4db52adaedca71c0e9b9cf22cde67f73b0d083a711d91a22475fd46055f6503e"
        },
        {
            "date": 1717182366017,
            "name": "src\\logs\\success\\success-2024-06-01-01-06.log",
            "hash": "5e7b6863c40f3d85c0ed737ea738a3abf40675cd178d101546f2923137765f73"
        },
        {
            "date": 1717182434175,
            "name": "src\\logs\\success\\success-2024-06-01-01-07.log",
            "hash": "741d919fe8e86a38d74c18e2ecb1330c87613e8b69cc883b54394106d6c4cd59"
        },
        {
            "date": 1717182540133,
            "name": "src\\logs\\success\\success-2024-06-01-01-09.log",
            "hash": "a9832c389912b7d33d4fc2de6ec0b24a88aa7c283596260977c540966ac1aa10"
        },
        {
            "date": 1717182629656,
            "name": "src\\logs\\success\\success-2024-06-01-01-10.log",
            "hash": "859233633f3a7ecd8f62a47d3e0cab4decb4539ebc982ac88012501a7aaa630d"
        },
        {
            "date": 1717182986315,
            "name": "src\\logs\\success\\success-2024-06-01-01-16.log",
            "hash": "7eff7eb9140bd7bacd81381262c94f253776c6cb4438e98e9b61143a5141c64f"
        },
        {
            "date": 1717183438654,
            "name": "src\\logs\\success\\success-2024-06-01-01-23.log",
            "hash": "f39fd1f2760161bca606c55c9ef6f5a4da7e46dcfab1bd36b5f29caed3b06fcc"
        },
        {
            "date": 1717183492901,
            "name": "src\\logs\\success\\success-2024-06-01-01-24.log",
            "hash": "d5c4ba400b67e65d70cf375cc444b0c17fc8579518772547cc64b415a35075bc"
        },
        {
            "date": 1717184059859,
            "name": "src\\logs\\success\\success-2024-06-01-01-34.log",
            "hash": "b96ddc18c3b0aa48e1c63466f11290db72f281ba276a4fce8a46e6176fccc8db"
        },
        {
            "date": 1717184120566,
            "name": "src\\logs\\success\\success-2024-06-01-01-35.log",
            "hash": "2ca2ce9f9fffd570b6aa2a9c1c43fa90e9b4e12d435a888ed8edf4b4e596bdb8"
        },
        {
            "date": 1717220674276,
            "name": "src\\logs\\success\\success-2024-06-01-11-44.log",
            "hash": "56b2af9f417d335df1194093b0ff27c35ce7608f7d5a656952960abd3c302db9"
        },
        {
            "date": 1717240500050,
            "name": "src\\logs\\success\\success-2024-06-01-17-15.log",
            "hash": "367545b7c8f1f47f7c744a657f9bbc800f22db21d9e8a770888453a4a7265aac"
        },
        {
            "date": 1717240573205,
            "name": "src\\logs\\success\\success-2024-06-01-17-16.log",
            "hash": "97e1c8b367fb61f9a15ad1b41958ab2d989336b520160a5201aaed347e32b04f"
        },
        {
            "date": 1717241903442,
            "name": "src\\logs\\success\\success-2024-06-01-17-38.log",
            "hash": "52cf549f9f46e2e292a30f6f1d0b70ab0350b33b70add917d7b2642a73351a2b"
        },
        {
            "date": 1717241965004,
            "name": "src\\logs\\success\\success-2024-06-01-17-39.log",
            "hash": "fd95bd753f4fede1f08d9b4b480e105407895d385ffe851bd5bbbe8c11e0ffa5"
        },
        {
            "date": 1717242124415,
            "name": "src\\logs\\success\\success-2024-06-01-17-42.log",
            "hash": "a93b0845dbc3d5be5b7748f48fa0baa95f88d000f7b83f91d73987d857e8a32d"
        },
        {
            "date": 1717242243656,
            "name": "src\\logs\\success\\success-2024-06-01-17-44.log",
            "hash": "f40d4dff56efde5f0b8edf21b7b8008d57c86c3cf5f7170031dcb60c66a31b8b"
        },
        {
            "date": 1717243456284,
            "name": "src\\logs\\success\\success-2024-06-01-18-04.log",
            "hash": "b49d5d1a53d21781434d80e6fb91b72b75a501714514be894a6f26cc0fc3e9b8"
        },
        {
            "date": 1717248012376,
            "name": "src\\logs\\success\\success-2024-06-01-19-20.log",
            "hash": "6234e7a39b3795f94371adf88de005a6c317d9415488e72ee11c9ff875167f9a"
        },
        {
            "date": 1717248268682,
            "name": "src\\logs\\success\\success-2024-06-01-19-24.log",
            "hash": "b1c89ad28ee9cc4212c0c58ea1c5c3e1524256651060d486179c23a3fccc631e"
        },
        {
            "date": 1717248303070,
            "name": "src\\logs\\success\\success-2024-06-01-19-25.log",
            "hash": "d7a601b1177fffae17e9da77cdff5ca5409564bbe3ba15133c5e6b9f5e3460e0"
        },
        {
            "date": 1717248395666,
            "name": "src\\logs\\success\\success-2024-06-01-19-26.log",
            "hash": "753dca66f0627957bc0c7b4107544dc3d286cb06a0e29bc8edd44d6301b30c30"
        },
        {
            "date": 1717248447729,
            "name": "src\\logs\\success\\success-2024-06-01-19-27.log",
            "hash": "3aabf488a09420e9b75c593b929ed4c332d4c1e972955a152cb085637f07230d"
        },
        {
            "date": 1717248489258,
            "name": "src\\logs\\success\\success-2024-06-01-19-28.log",
            "hash": "32a142f363a7eea4d3d45614f96e44577972ef5226678919be19713969638f3c"
        },
        {
            "date": 1717248576255,
            "name": "src\\logs\\success\\success-2024-06-01-19-29.log",
            "hash": "39dd22a6b40c34ae704cf1e09666d488bb62bfb7dba1a7b535d720e6fa18fa82"
        },
        {
            "date": 1717248625360,
            "name": "src\\logs\\success\\success-2024-06-01-19-30.log",
            "hash": "9f3dcef397a735213bea0dd695e9122325f6c887993910e7ad50a3bafd1a38c9"
        },
        {
            "date": 1717250531193,
            "name": "src\\logs\\success\\success-2024-06-01-20-02.log",
            "hash": "d3a76e82b6eb3de159d45450d6d1f47eda279f7d62253871e566d1154b060220"
        },
        {
            "date": 1717251548522,
            "name": "src\\logs\\success\\success-2024-06-01-20-19.log",
            "hash": "bcb1ca525ab77496d8f2fffff41213d4ece3098ebe932409d55dadd40f209871"
        },
        {
            "date": 1717252143370,
            "name": "src\\logs\\success\\success-2024-06-01-20-29.log",
            "hash": "a029c7c6cf806ad1b7052e446e5df2189cf7a8b2d9eb16a5c14e517357d1b508"
        },
        {
            "date": 1717252256478,
            "name": "src\\logs\\success\\success-2024-06-01-20-30.log",
            "hash": "e84a3d3541666ca0d077ebece033027470fbd973e86a85a5d13cd5db2670e282"
        },
        {
            "date": 1717252287770,
            "name": "src\\logs\\success\\success-2024-06-01-20-31.log",
            "hash": "8aa48633ac229029b4179ed833ce4704bf3ba23f7a34a04736675c8aec1644c2"
        },
        {
            "date": 1717252424029,
            "name": "src\\logs\\success\\success-2024-06-01-20-33.log",
            "hash": "40d2294214293920e33a7fec8b8d7db2854cd4fadcbd2343ef2331817cf6536c"
        },
        {
            "date": 1717252549737,
            "name": "src\\logs\\success\\success-2024-06-01-20-35.log",
            "hash": "b15d655ce21ab95dc51594a5a5ae20fe66d9cef06d01536b4d825780991b17eb"
        },
        {
            "date": 1717252565535,
            "name": "src\\logs\\success\\success-2024-06-01-20-36.log",
            "hash": "f1c33b298128b62d20ad4e296d2efc4f62c78050443f47e98c99d7366f8711b0"
        },
        {
            "date": 1717252838780,
            "name": "src\\logs\\success\\success-2024-06-01-20-40.log",
            "hash": "f20d473ae22150dbaaed4438b7b2390f6052c0087358dbcd1aa7e95ef24741f1"
        },
        {
            "date": 1717252868417,
            "name": "src\\logs\\success\\success-2024-06-01-20-41.log",
            "hash": "a5b2c2b4869a844d5c7c42b2054e952c8c84d9cc63dd100bde13f0b1373ca53b"
        },
        {
            "date": 1717252927220,
            "name": "src\\logs\\success\\success-2024-06-01-20-42.log",
            "hash": "94c5ff99dc687c77066e3d75373f17206179ad0b53f6a10a50711cc5f747171c"
        },
        {
            "date": 1717253027568,
            "name": "src\\logs\\success\\success-2024-06-01-20-43.log",
            "hash": "3a98f11f049a12af9c94538f1a7b3129e288f8f7fc1c647e169c69eea01079bb"
        },
        {
            "date": 1717253082836,
            "name": "src\\logs\\success\\success-2024-06-01-20-44.log",
            "hash": "c8b0598fdfe50c2f095c7a19c1d2a666624c112fa9b3259618ed8d49bfd5c3d1"
        },
        {
            "date": 1717253100373,
            "name": "src\\logs\\success\\success-2024-06-01-20-45.log",
            "hash": "9f715d8553b728bf5db0ed041c5088569944d18df6e35c65437629d55c92c8ce"
        },
        {
            "date": 1717253179948,
            "name": "src\\logs\\success\\success-2024-06-01-20-46.log",
            "hash": "4425b92788cc99a0ddf57eb0611d28b10bffb8c2da1a8f3763201019c8634f6a"
        },
        {
            "date": 1717253235860,
            "name": "src\\logs\\success\\success-2024-06-01-20-47.log",
            "hash": "3e952cd5c22eb091ce087d1881c663a5184e8d400a30eac5b01b931a2b85fa44"
        },
        {
            "date": 1717253314695,
            "name": "src\\logs\\success\\success-2024-06-01-20-48.log",
            "hash": "6113b394e5b0216da3e83c446134abe8b060982e4baf8b4d8eeab543ec2ce9b7"
        },
        {
            "date": 1717253386402,
            "name": "src\\logs\\success\\success-2024-06-01-20-49.log",
            "hash": "3121611c865ae5f598e9c346cd790d2bb86c2e24cce7683970fc5ced075cffe1"
        },
        {
            "date": 1717253489351,
            "name": "src\\logs\\success\\success-2024-06-01-20-51.log",
            "hash": "df9ae5b622ba6a2e417843427fdb3bb5ccb510f1ef3b181757f77208303a0f78"
        },
        {
            "date": 1717260087547,
            "name": "src\\logs\\success\\success-2024-06-01-22-41.log",
            "hash": "484e7ba57805c6d6d445583a1c4d148cbbd05c8ca35ff1fec28528682ab75738"
        },
        {
            "date": 1717267366703,
            "name": "src\\logs\\success\\success-2024-06-02-00-42.log",
            "hash": "1d3d0d9dd47dfdf94fca2aea7a13e08a57ca70ad5e107e2a5dc7121702500a7f"
        },
        {
            "date": 1717267393609,
            "name": "src\\logs\\success\\success-2024-06-02-00-43.log",
            "hash": "cc97398795304a82c6289b1cb62c89b84db1b1ec09b88c3b9e94a880e17f8332"
        },
        {
            "date": 1717267451087,
            "name": "src\\logs\\success\\success-2024-06-02-00-44.log",
            "hash": "8ec6eb2213be85e12a93b5aabe1506b9986308bfa3654ed03d63da1ecc19275a"
        },
        {
            "date": 1717295159383,
            "name": "src\\logs\\success\\success-2024-06-02-08-25.log",
            "hash": "b07815bea51639dfd3f20f4cd9a42b6ffc4409f606b1ecbfde262bd888b2329d"
        },
        {
            "date": 1717295162413,
            "name": "src\\logs\\success\\success-2024-06-02-08-26.log",
            "hash": "78fdffdecf5fdea70200bd383b1ad005ca5460c4dbc924c79c0423fad54b33d1"
        },
        {
            "date": 1717299504499,
            "name": "src\\logs\\success\\success-2024-06-02-09-38.log",
            "hash": "7c9080f7798e724834e26f19b2148fda53aa161996aef2dec7e5a7e0e6cccdb6"
        },
        {
            "date": 1717300364291,
            "name": "src\\logs\\success\\success-2024-06-02-09-52.log",
            "hash": "b4465c3ad95899317c2bd025d563fd22b9ad63cb731852d362e0d15198eb85c5"
        },
        {
            "date": 1717300383397,
            "name": "src\\logs\\success\\success-2024-06-02-09-53.log",
            "hash": "d9a441c7b0025375663045b3adfc365e9a58f069c5b03148c12aee6548088299"
        },
        {
            "date": 1717300462116,
            "name": "src\\logs\\success\\success-2024-06-02-09-54.log",
            "hash": "58ea1e48a1ba23149493d207c278fd9fd38bec0b087020f6a8963715bd8d9c7f"
        },
        {
            "date": 1717300582127,
            "name": "src\\logs\\success\\success-2024-06-02-09-56.log",
            "hash": "e38d1187b55926a4c4a2810e6174c8c189f03512b47d27e8f64254e37251407a"
        },
        {
            "date": 1717300641236,
            "name": "src\\logs\\success\\success-2024-06-02-09-57.log",
            "hash": "9ed07fc347209501ef8eb8a1188c4dd21625574769972eb0592d7026ebea5d98"
        },
        {
            "date": 1717300739821,
            "name": "src\\logs\\success\\success-2024-06-02-09-58.log",
            "hash": "95da09fd94dcd7f87e7e853df886b7ec13c56a95a8691f430699033df344bdfd"
        },
        {
            "date": 1717300740147,
            "name": "src\\logs\\success\\success-2024-06-02-09-59.log",
            "hash": "f8665972a79def8ec37b1ec518de704f8370ea4b5140836b609c21b02462d930"
        },
        {
            "date": 1717300898683,
            "name": "src\\logs\\success\\success-2024-06-02-10-01.log",
            "hash": "2212c9b5a72920922e766f921ffb5d0d2897d8fbb7be1948a904d5d89c9e5cc3"
        },
        {
            "date": 1717300933577,
            "name": "src\\logs\\success\\success-2024-06-02-10-02.log",
            "hash": "ea07168eef951463947e679fd9398619e4d091a3f96087ad42419e2399e08db0"
        },
        {
            "date": 1717301081226,
            "name": "src\\logs\\success\\success-2024-06-02-10-04.log",
            "hash": "e9a88fb76d283378ef1b2930a4da7424558bac40131803ff1c71570aed965d73"
        },
        {
            "date": 1717301117932,
            "name": "src\\logs\\success\\success-2024-06-02-10-05.log",
            "hash": "cf288d0329fffae2da852d8e6ea6700729876f03e3e786708fa567dec2f6c566"
        },
        {
            "date": 1717301217943,
            "name": "src\\logs\\success\\success-2024-06-02-10-06.log",
            "hash": "c53311099c1b8ebcaf400bad8b5e9bda4e7097ecfa7ce0ff901705eb57dc4eae"
        },
        {
            "date": 1717301230403,
            "name": "src\\logs\\success\\success-2024-06-02-10-07.log",
            "hash": "76b058cb5910e79722ab783af37ceadbccf71e0e5299d4191a1ab39630c3b550"
        },
        {
            "date": 1717302174775,
            "name": "src\\logs\\success\\success-2024-06-02-10-22.log",
            "hash": "936f87e7b0d3547856afc0e1dddfe75db74c38d0081a8ce93ca78b7f3f86e53e"
        },
        {
            "date": 1717302252513,
            "name": "src\\logs\\success\\success-2024-06-02-10-24.log",
            "hash": "e6034b3d906c31e547082673bbdeff2c620d493ec1ba450d5c49c0f88de505fe"
        },
        {
            "date": 1717302318190,
            "name": "src\\logs\\success\\success-2024-06-02-10-25.log",
            "hash": "3c60dc7918f1010018f672b8ab3c6cca357d526a76804dbc45e00d023a7a8b3e"
        },
        {
            "date": 1717302377889,
            "name": "src\\logs\\success\\success-2024-06-02-10-26.log",
            "hash": "0ced6bf0ba4afcc1fa036d777f4f66bab454c04bf6f112d5aec63663cd46bb6e"
        },
        {
            "date": 1717302447207,
            "name": "src\\logs\\success\\success-2024-06-02-10-27.log",
            "hash": "957383bba06f65bd879fc3b1e1c05efda0663a11db6ea0943eaf349c838d7eea"
        },
        {
            "date": 1717303113547,
            "name": "src\\logs\\success\\success-2024-06-02-10-38.log",
            "hash": "85e39eeb7c52ac55581dec6a1ca9db957c211519dc44d43d39bc6644399b6725"
        },
        {
            "date": 1717303146218,
            "name": "src\\logs\\success\\success-2024-06-02-10-39.log",
            "hash": "80372629ce3196da8db90a6050dd73b0c10763808030ec94c3ec22a6270c4b56"
        },
        {
            "date": 1717304010561,
            "name": "src\\logs\\success\\success-2024-06-02-10-53.log",
            "hash": "826e59ef04e33346f62d74e73792a70d6d48d80356fd616585635a2ee89174d2"
        },
        {
            "date": 1717304043023,
            "name": "src\\logs\\success\\success-2024-06-02-10-54.log",
            "hash": "fa0ea8fa2bff437bbe49594235e38883999f4993d359b1b5b87de57ca3e1062a"
        },
        {
            "date": 1717304124463,
            "name": "src\\logs\\success\\success-2024-06-02-10-55.log",
            "hash": "96a32389d03f5dbed4223e3898cb0901cc5645b3f570d68c80e39bc3bc0c4d17"
        },
        {
            "date": 1717304475057,
            "name": "src\\logs\\success\\success-2024-06-02-11-01.log",
            "hash": "910a00cf843377f36cd81311e0a9414b83d6827f2df8182ab5ce4b11aaf7ab3f"
        },
        {
            "date": 1717304526915,
            "name": "src\\logs\\success\\success-2024-06-02-11-02.log",
            "hash": "847ed235fde69070fc6073fc9be713cc3373452b1dee877c3ec86929de994f90"
        },
        {
            "date": 1717304598344,
            "name": "src\\logs\\success\\success-2024-06-02-11-03.log",
            "hash": "8d290932d6bf04f196fe3aef79db14dda55e120ebd09c316cec9447df2a1b3de"
        },
        {
            "date": 1717305068045,
            "name": "src\\logs\\success\\success-2024-06-02-11-11.log",
            "hash": "a798bd773531134569773eb8e8e78a1b37c7cfb0fecfaf18a741d428c70fadf8"
        },
        {
            "date": 1717305147586,
            "name": "src\\logs\\success\\success-2024-06-02-11-12.log",
            "hash": "6d7f328ddfcefcaddb4ef30f3decd807be07bb7f623b9d8d657dc9b45297fbbf"
        },
        {
            "date": 1717305659078,
            "name": "src\\logs\\success\\success-2024-06-02-11-20.log",
            "hash": "726ddde4eb486fd17df3cc848771619bb2202535b99cdbbce5a775b6f4939e47"
        },
        {
            "date": 1717305796839,
            "name": "src\\logs\\success\\success-2024-06-02-11-23.log",
            "hash": "2bac1eb7fc6ddbdba63306afb232090dcbedefdef2cdad389b043b1ad2a4fd51"
        },
        {
            "date": 1717312120247,
            "name": "src\\logs\\success\\success-2024-06-02-13-08.log",
            "hash": "61212f1bc6e465b6b849a5c5c079266a6e23e0fc38750b153862574cbd7d5798"
        },
        {
            "date": 1717312291803,
            "name": "src\\logs\\success\\success-2024-06-02-13-11.log",
            "hash": "90b7ba780e5ddecd9b89c9f74934be36cb4ddb68d5ffc5638cf16b009e484748"
        },
        {
            "date": 1717312363122,
            "name": "src\\logs\\success\\success-2024-06-02-13-12.log",
            "hash": "b5e6882b3bd2244350c92970422f4e5ea20d174aaa19df3bef012cf9699a5fd6"
        },
        {
            "date": 1717313311321,
            "name": "src\\logs\\success\\success-2024-06-02-13-28.log",
            "hash": "e92028f257f2abcd57d6d3cdfe0675575e26dee0fe93445541877a11f7f6fd4c"
        },
        {
            "date": 1717313381002,
            "name": "src\\logs\\success\\success-2024-06-02-13-29.log",
            "hash": "3fc21c435b8333537d03ae01401bd4842cb9b2dd86283bce53b144610e1be3d9"
        },
        {
            "date": 1717313400274,
            "name": "src\\logs\\success\\success-2024-06-02-13-30.log",
            "hash": "2f53867f17880fca280d08ffe9d4a08a9e470ee4d5baf4f9a1bb933b9aa0368e"
        },
        {
            "date": 1717313494071,
            "name": "src\\logs\\success\\success-2024-06-02-13-31.log",
            "hash": "7f0e805390c4627de244c41246dd94eefd6612e26ad348be7a345585a7b72ae0"
        },
        {
            "date": 1717313557890,
            "name": "src\\logs\\success\\success-2024-06-02-13-32.log",
            "hash": "a996e0608aaf89f5847391c1e5bc175def1b5f2df9145c288d56877990718c04"
        },
        {
            "date": 1717313734178,
            "name": "src\\logs\\success\\success-2024-06-02-13-35.log",
            "hash": "51fb5d18284febb930d8e34e7d6c5bf1c74e202821dba33ef78279c6fb997c6e"
        },
        {
            "date": 1717313765589,
            "name": "src\\logs\\success\\success-2024-06-02-13-36.log",
            "hash": "d2cad13220052380b45a05ceb9568f4cd57eeacfb93552007ae605e25ce424d5"
        },
        {
            "date": 1717313919418,
            "name": "src\\logs\\success\\success-2024-06-02-13-38.log",
            "hash": "f4225247168f7f037a5f006fb397f3307d0bd1afdada02a84d8b62b6813f8dee"
        },
        {
            "date": 1717331940494,
            "name": "src\\logs\\success\\success-2024-06-02-18-39.log",
            "hash": "14767f70322d95416e0117cc208fd82426dd045a30db8c7d24d7151cdd9a2ee4"
        },
        {
            "date": 1717333130208,
            "name": "src\\logs\\success\\success-2024-06-02-18-58.log",
            "hash": "fb3487c7afca957d91cad62404424b23fd4af1e2c80e2e6cdac8f35448e6a945"
        },
        {
            "date": 1717334092002,
            "name": "src\\logs\\success\\success-2024-06-02-19-14.log",
            "hash": "35cb5593458f885dbb3d1461490711883e44410dcf29da4e426f695b18ff82e3"
        },
        {
            "date": 1717334107112,
            "name": "src\\logs\\success\\success-2024-06-02-19-15.log",
            "hash": "a6ec60f97cedb8d98e92cd3007bef30ee090f56b21a853b1d2ae37a37896d7f2"
        },
        {
            "date": 1717334237254,
            "name": "src\\logs\\success\\success-2024-06-02-19-17.log",
            "hash": "d75685a893c59415d236b6f2009b0e944539baef06d80323453474d813a8654c"
        },
        {
            "date": 1717334290442,
            "name": "src\\logs\\success\\success-2024-06-02-19-18.log",
            "hash": "274f89e4e5c39a570b0e84e662262e8814f2dd59f102ce04d8ef8233179ecc79"
        },
        {
            "date": 1717334355683,
            "name": "src\\logs\\success\\success-2024-06-02-19-19.log",
            "hash": "2f11a9c7ac72bdc88eb7b0f0eb81034835d8c447c81dca1253bc04fa3187cbe1"
        },
        {
            "date": 1717334417346,
            "name": "src\\logs\\success\\success-2024-06-02-19-20.log",
            "hash": "064cc4afdb53cd8cdada5542e67a705cd33c961195afc9a074c860d1cb81f1d1"
        },
        {
            "date": 1717334475512,
            "name": "src\\logs\\success\\success-2024-06-02-19-21.log",
            "hash": "d0494fdd06ff17110455adde4a16f947ae167e5dfc3b9036ea5b6471487a4c1d"
        },
        {
            "date": 1717334633113,
            "name": "src\\logs\\success\\success-2024-06-02-19-23.log",
            "hash": "c8487df953ed68a14b82c8dc4e7e142c7368b8932e5aa5cec8263c36d0440d5e"
        },
        {
            "date": 1717334645731,
            "name": "src\\logs\\success\\success-2024-06-02-19-24.log",
            "hash": "ab9bcfc8ab9240e2a0723689971f8d4097447059bb656bd6e150b422064dd158"
        },
        {
            "date": 1717334746200,
            "name": "src\\logs\\success\\success-2024-06-02-19-25.log",
            "hash": "b456142f23ed7731b7ce81eb6e09c0ef10574c010716940888e7077ef6f6a36f"
        },
        {
            "date": 1717334774937,
            "name": "src\\logs\\success\\success-2024-06-02-19-26.log",
            "hash": "72c87af20409ae4037af13be11b20ebe2899eff792c2cb67871484612827ceb4"
        },
        {
            "date": 1717336976245,
            "name": "src\\logs\\success\\success-2024-06-02-20-02.log",
            "hash": "cb40621344d6a404039a32b574bdb4b28feda6e2ac4e28124ad4d2f0a80fca06"
        },
        {
            "date": 1717336996233,
            "name": "src\\logs\\success\\success-2024-06-02-20-03.log",
            "hash": "3ed19d6ddddc44153e19730062fca797b4339e60f826657eb3c61e6d631d9b14"
        },
        {
            "date": 1717337832222,
            "name": "src\\logs\\success\\success-2024-06-02-20-17.log",
            "hash": "4ed0de9f11281edd35b0d9d78635797e496195b2327f1820847ea3dd27918843"
        },
        {
            "date": 1717337928499,
            "name": "src\\logs\\success\\success-2024-06-02-20-18.log",
            "hash": "4004ea63b8678ffb5d5c729662e0be2f5f6422ed760f051426ab8da7ce09e9ae"
        },
        {
            "date": 1717337967384,
            "name": "src\\logs\\success\\success-2024-06-02-20-19.log",
            "hash": "5fd5ba6bfe6b1d22885d139333a56536d8e680e3e7abaa99ee226108a5a97553"
        },
        {
            "date": 1717338002862,
            "name": "src\\logs\\success\\success-2024-06-02-20-20.log",
            "hash": "476af45e1bb4927dc6eadb20aba1241b3158c482699ab1cdaded661a16196061"
        },
        {
            "date": 1717338071382,
            "name": "src\\logs\\success\\success-2024-06-02-20-21.log",
            "hash": "7339a399a47f616d81c8b7546fd705dff82471a7862a8aa60d59106a0cdb5bb0"
        },
        {
            "date": 1717338153256,
            "name": "src\\logs\\success\\success-2024-06-02-20-22.log",
            "hash": "0a1d73b0109e0228b34ad45df9f3b4e0130bc02ecf806d105da10e03e31c63d9"
        },
        {
            "date": 1717338398506,
            "name": "src\\logs\\success\\success-2024-06-02-20-26.log",
            "hash": "827cdc56506046b8be634dcd2b0faf789661eca87879ea68c407d47e5fbd3edc"
        },
        {
            "date": 1717338420908,
            "name": "src\\logs\\success\\success-2024-06-02-20-27.log",
            "hash": "be8d13c537764b6933f453d0c96966ffae857bb66c78aa2ef187e76de43b3c22"
        },
        {
            "date": 1717338484615,
            "name": "src\\logs\\success\\success-2024-06-02-20-28.log",
            "hash": "77380f245bb3dd375b67afb9776f30fb2cf8f521c61c9ee95c21503dc85ac223"
        },
        {
            "date": 1717338707175,
            "name": "src\\logs\\success\\success-2024-06-02-20-31.log",
            "hash": "cabca2c8c94ec0431faa4ebd77976f677774defa7fbc142725030d8c9d02ea7a"
        },
        {
            "date": 1717338727050,
            "name": "src\\logs\\success\\success-2024-06-02-20-32.log",
            "hash": "07c5b5376e1a6e74b168a361536ad258e6cb0d38f0d6eca337949c6ab1a67cd7"
        },
        {
            "date": 1717338783926,
            "name": "src\\logs\\success\\success-2024-06-02-20-33.log",
            "hash": "f8df4855f97a09f0e9011d29a84addbf9fa53134c20efb6bd3fbf55168273c1c"
        },
        {
            "date": 1717338879060,
            "name": "src\\logs\\success\\success-2024-06-02-20-34.log",
            "hash": "4467804864561fd905e39b661dc905dbb47e522252ad47aa7afb6d5efda25662"
        },
        {
            "date": 1717338930677,
            "name": "src\\logs\\success\\success-2024-06-02-20-35.log",
            "hash": "b5915b1fd5ecbd65b63afdb78b4d3c69122fa76037c1dfb301ac7d2e73c58776"
        },
        {
            "date": 1717338970007,
            "name": "src\\logs\\success\\success-2024-06-02-20-36.log",
            "hash": "78a5104196ca4d9c32e884b6d9cb4f372c3a382743971b4fa7a8fa8309c9c008"
        },
        {
            "date": 1717339252777,
            "name": "src\\logs\\success\\success-2024-06-02-20-40.log",
            "hash": "22d19a60401ab67f7e280204ac7a4bf0c12fa0d3b8d2dc7884d3fde3211b6671"
        },
        {
            "date": 1717339279386,
            "name": "src\\logs\\success\\success-2024-06-02-20-41.log",
            "hash": "0e8694ad6bbe83f217c54a9abd178d1531389fd9fb6cd7cf6d7521c1a41dceae"
        },
        {
            "date": 1717339543347,
            "name": "src\\logs\\success\\success-2024-06-02-20-45.log",
            "hash": "6e87905d381a1481eabf3667840e9e14fbd4a76b17c0da5d885f5186d0810633"
        },
        {
            "date": 1717339591963,
            "name": "src\\logs\\success\\success-2024-06-02-20-46.log",
            "hash": "51ac060c1b986170daae7e4f0fedd5d03f7565a17f30df69c6a2df0f3f5dc992"
        },
        {
            "date": 1717339636085,
            "name": "src\\logs\\success\\success-2024-06-02-20-47.log",
            "hash": "845e26aa4bdda5dc72347420a6a0a2a4ad911a54b61c9cd7c6e814f31463fe22"
        },
        {
            "date": 1717339771789,
            "name": "src\\logs\\success\\success-2024-06-02-20-49.log",
            "hash": "b286af26224ecc420d2c441c0f9d26e2a11eeb9afaac2b6dba8f034c3c17dc6b"
        },
        {
            "date": 1717339827590,
            "name": "src\\logs\\success\\success-2024-06-02-20-50.log",
            "hash": "a5a40b84224d9cb84488dc07a3d6321e6f49a6798c45cab353466db328b814e3"
        },
        {
            "date": 1717339888886,
            "name": "src\\logs\\success\\success-2024-06-02-20-51.log",
            "hash": "ba68317353deb254e5850bc17389ed51c26f1da62aa65dc6aa5461822e3befa2"
        },
        {
            "date": 1717339937663,
            "name": "src\\logs\\success\\success-2024-06-02-20-52.log",
            "hash": "10cf41c3cd806619f63806a1f806343daacc8bb64811065816fdea91054a47c4"
        },
        {
            "date": 1717340000388,
            "name": "src\\logs\\success\\success-2024-06-02-20-53.log",
            "hash": "f3442cdbc50c3ee150a7e553f0ff45d66d53e5d79ddc74dbeadd8749fd386ba4"
        },
        {
            "date": 1717340215517,
            "name": "src\\logs\\success\\success-2024-06-02-20-56.log",
            "hash": "294ac63d53dd6762e2fbcb659a90386b6aacf62ab6b0ceb4f506d2264b2c2073"
        },
        {
            "date": 1717340224265,
            "name": "src\\logs\\success\\success-2024-06-02-20-57.log",
            "hash": "f30ea08d729fc1960e0cd4bd2037cab9f046a0ed40ce379c9d4313d56b36a095"
        },
        {
            "date": 1717340286652,
            "name": "src\\logs\\success\\success-2024-06-02-20-58.log",
            "hash": "97181cd40fd806fe2386b6a48b18e864a058b401861d7748341f630a3acbc668"
        },
        {
            "date": 1717340376285,
            "name": "src\\logs\\success\\success-2024-06-02-20-59.log",
            "hash": "1f9c413ad6c64407dbd6d6d779d23cf82c4a9478ea5beafde467052d8dbdd67a"
        },
        {
            "date": 1717340426424,
            "name": "src\\logs\\success\\success-2024-06-02-21-00.log",
            "hash": "3ceb694872342d9969e3582b74636f77ef3e7173e48978a5eae4ae28d607f50b"
        },
        {
            "date": 1717341653194,
            "name": "src\\logs\\success\\success-2024-06-02-21-20.log",
            "hash": "e91d0d1db4db7dbc093c37b13149ddae302426f45b94e83dddfe97043984d6b7"
        },
        {
            "date": 1717341691824,
            "name": "src\\logs\\success\\success-2024-06-02-21-21.log",
            "hash": "e2b5e0229a8d38f841bf61efc8a6a118c950c509d2942a14fca38871ee2707fb"
        },
        {
            "date": 1717341720062,
            "name": "src\\logs\\success\\success-2024-06-02-21-22.log",
            "hash": "9f293a6cd5aa81729d81363f0d26befa7fdf1771f5443bae53b730f8babceb3b"
        },
        {
            "date": 1717341802600,
            "name": "src\\logs\\success\\success-2024-06-02-21-23.log",
            "hash": "a4b385c72279ce7aedd48e9237ccb3607f07660fd30eb7e9b984faa2d6d4cfe2"
        },
        {
            "date": 1717341874718,
            "name": "src\\logs\\success\\success-2024-06-02-21-24.log",
            "hash": "64f3c09585b22bea3f015dc57ae65072d21a9a652603e61a11c7b45f3247efb3"
        },
        {
            "date": 1717341927801,
            "name": "src\\logs\\success\\success-2024-06-02-21-25.log",
            "hash": "a2150a9c48d85b910bef22c4d3915393e6f45a2165df6ee05593311d0b729b15"
        },
        {
            "date": 1717341964791,
            "name": "src\\logs\\success\\success-2024-06-02-21-26.log",
            "hash": "2bdcba09a1a86beec2483d42d5e0c5272bf9e58ee0344545250cd1268e8bc153"
        },
        {
            "date": 1717343113309,
            "name": "src\\logs\\success\\success-2024-06-02-21-45.log",
            "hash": "7e8f8e79aec0ae3163cc0c586ad5f577a0dafe9b072ff3b63b0ba9b6697c2d9f"
        },
        {
            "date": 1717343174575,
            "name": "src\\logs\\success\\success-2024-06-02-21-46.log",
            "hash": "238412c0e619de41a86f2028a96cb0e58bd9164250cec7197d5d7d37f80823fb"
        },
        {
            "date": 1717346072313,
            "name": "src\\logs\\success\\success-2024-06-02-22-34.log",
            "hash": "6cd6100fd8ef85c64f3932dcf1d86c669ed5551d0aff6e40c37d12d2da25c4d4"
        },
        {
            "date": 1717348843300,
            "name": "src\\logs\\success\\success-2024-06-02-23-20.log",
            "hash": "4f1a6dba4c96ac0399ba5ce65793ae4592442cb43f4ffb6f3b4c5f15f3f45a4f"
        },
        {
            "date": 1717348864717,
            "name": "src\\logs\\success\\success-2024-06-02-23-21.log",
            "hash": "f2aba357fd28cdfb36dbf06cf31128408f1af1a88d547380afc0de5a8772c67e"
        },
        {
            "date": 1717348929586,
            "name": "src\\logs\\success\\success-2024-06-02-23-22.log",
            "hash": "881120037cd39ca3684c3dba4b1b18d4088f3ad9f22d15c5adcec09f592ede97"
        },
        {
            "date": 1717348989718,
            "name": "src\\logs\\success\\success-2024-06-02-23-23.log",
            "hash": "d5f75d8aae004fe00b864b63a742dc451bb3830f6b6f86d702e27e3ac72919ac"
        },
        {
            "date": 1717349060173,
            "name": "src\\logs\\success\\success-2024-06-02-23-24.log",
            "hash": "9e6c2a66034b27685da24c8f1dd7fdae1f57270296037cfa82b1686b8f0278d9"
        },
        {
            "date": 1717349100859,
            "name": "src\\logs\\success\\success-2024-06-02-23-25.log",
            "hash": "6faf6a2696ef1eb5d3b0b3e76795bd41020af3b13d819b3ddb0e018572b871a9"
        },
        {
            "date": 1717349208808,
            "name": "src\\logs\\success\\success-2024-06-02-23-26.log",
            "hash": "c721bb4b7069452532a66faded0fe76cd59ae0665ff9cec56cc626472eb9f360"
        },
        {
            "date": 1717349238928,
            "name": "src\\logs\\success\\success-2024-06-02-23-27.log",
            "hash": "6425ea1888e20108262520456d5da4d9b888f75f60482f3babfc2d244d639c79"
        },
        {
            "date": 1717349323682,
            "name": "src\\logs\\success\\success-2024-06-02-23-28.log",
            "hash": "70de1f8c0602c6aa4a9045c743c02d107bc452a078d73feb3df7e13e194b10ab"
        },
        {
            "date": 1717351630932,
            "name": "src\\logs\\success\\success-2024-06-03-00-07.log",
            "hash": "bccc0a540f700c6addf5ddc825b7d4682908f7008036dff2cc2ca40635fec5b6"
        },
        {
            "date": 1717360442726,
            "name": "src\\logs\\success\\success-2024-06-03-02-34.log",
            "hash": "577251f7e3528f1fc6f88023a7196bf4cfcede36864d3076126564e2486e4bbf"
        },
        {
            "date": 1717476911411,
            "name": "src\\logs\\success\\success-2024-06-04-10-55.log",
            "hash": "1568ebe81d581ba5ef4b9c03ec671fb019b3ca9dfb52984d417b9b0137b5757c"
        },
        {
            "date": 1717481851494,
            "name": "src\\logs\\success\\success-2024-06-04-12-17.log",
            "hash": "34f70eab0901602218830574ff9780986a6c9f4dbd0dca273e8b3e45f93fba34"
        },
        {
            "date": 1717481894628,
            "name": "src\\logs\\success\\success-2024-06-04-12-18.log",
            "hash": "df6da7701d0b7ff268ada9ad3e203414053d1416f1702b7349e7ccdcfdf86e5d"
        },
        {
            "date": 1717482502667,
            "name": "src\\logs\\success\\success-2024-06-04-12-28.log",
            "hash": "063c1a818671df83db87f0851961ec6e8594effd763dad3ca1629e3232a7d4ac"
        },
        {
            "date": 1717485951514,
            "name": "src\\logs\\success\\success-2024-06-04-13-25.log",
            "hash": "646546cbfec0ad9a19d1dc95446e59dcb242da43d05750a89a30bfa99f489e3c"
        },
        {
            "date": 1717485960468,
            "name": "src\\logs\\success\\success-2024-06-04-13-26.log",
            "hash": "9ff9423b6f0914587bcaa867138e1a8f66023ebf9f3eeb3b5317f5905641ec4d"
        },
        {
            "date": 1717559818321,
            "name": "src\\logs\\success\\success-2024-06-05-09-56.log",
            "hash": "4428c8a679d21a140e2d863ac6b8cd08191ce9e0f59aa5b83b8a603af48ca60f"
        },
        {
            "date": 1717559824982,
            "name": "src\\logs\\success\\success-2024-06-05-09-57.log",
            "hash": "63ed4cfdcc82f128c1504e15363213e2c3910dcca52e525cfff9637bb75d8bba"
        },
        {
            "date": 1717563310879,
            "name": "src\\logs\\success\\success-2024-06-05-10-55.log",
            "hash": "6df0f08bdebe90fbb61483b729c44af4fe2cfc07a4461cfaab32d709aaf4fc71"
        },
        {
            "date": 1717563366426,
            "name": "src\\logs\\success\\success-2024-06-05-10-56.log",
            "hash": "6b6673c12e9ba3dac03f3c9bc739af3a090e886f0e9988e6f2a4d4227b8b588f"
        },
        {
            "date": 1717565689886,
            "name": "src\\logs\\success\\success-2024-06-05-11-34.log",
            "hash": "422f2564cd3cb79026b3438b7d1f8253764a0cb29e1c466c7b11e98451933c3b"
        },
        {
            "date": 1717565704900,
            "name": "src\\logs\\success\\success-2024-06-05-11-35.log",
            "hash": "b4614df9a4d2b728c6cc4270e133d46d3cc70a33c5a3f3eaa30e15fbf0f9ae3c"
        },
        {
            "date": 1717565764671,
            "name": "src\\logs\\success\\success-2024-06-05-11-36.log",
            "hash": "76dc94386bd7840269d09b71578da4ef3ee5fafc9f25cd0b5bdb1dd0889f3e98"
        },
        {
            "date": 1717566990677,
            "name": "src\\logs\\success\\success-2024-06-05-11-56.log",
            "hash": "0cbb785f128b30e45bdf74efbe36b55e8da30ac1d2d9af3216d82aa0bbe5bab3"
        },
        {
            "date": 1717567049344,
            "name": "src\\logs\\success\\success-2024-06-05-11-57.log",
            "hash": "38a208d42a8e1c0cf65301e65e1dadde9712edc904a455807843012e970226d8"
        },
        {
            "date": 1717567234988,
            "name": "src\\logs\\success\\success-2024-06-05-12-00.log",
            "hash": "962c849d42b0da1db7fbd28aad5f05a129ed636806e0d13a82e8d3c6b15d00fa"
        },
        {
            "date": 1717570480723,
            "name": "src\\logs\\success\\success-2024-06-05-12-54.log",
            "hash": "2fddf084e50394d5286bc107eb2e22bd4f60e657343f9deb3c5d413fa578f54f"
        },
        {
            "date": 1717570596541,
            "name": "src\\logs\\success\\success-2024-06-05-12-56.log",
            "hash": "1088ae7d8918cadd6688f6343a06e8ccfc844a983ebbd509d4cd4dcccf959223"
        },
        {
            "date": 1717570832017,
            "name": "src\\logs\\success\\success-2024-06-05-13-00.log",
            "hash": "8a4b079de46877c1987f630fa275cefc56bd4f30f006bae6e545417baf59a34d"
        },
        {
            "date": 1717577894949,
            "name": "src\\logs\\success\\success-2024-06-05-14-58.log",
            "hash": "d0714bb5c8192ad94bb80897cc8f54c70a5806482ac666fcc3ab150bd15c6d2c"
        },
        {
            "date": 1717578530171,
            "name": "src\\logs\\success\\success-2024-06-05-15-08.log",
            "hash": "9710874d120fc41db2da8280869355cd3d0d0db211ef43016c9fb1ee50fec8f9"
        },
        {
            "date": 1717578541475,
            "name": "src\\logs\\success\\success-2024-06-05-15-09.log",
            "hash": "1267dacda0acf9be27562cd7cf41129010c01522e1a12fc0acc5e261c196e1c8"
        },
        {
            "date": 1717578628412,
            "name": "src\\logs\\success\\success-2024-06-05-15-10.log",
            "hash": "fc8aeb65c315ebdb01b38c465a8425d06235564a36da357db2049f64e232abf8"
        },
        {
            "date": 1717578710869,
            "name": "src\\logs\\success\\success-2024-06-05-15-11.log",
            "hash": "3a841f8cedd7f2d019a8b720a36407a79c64025390bff5d969572b81c876600a"
        },
        {
            "date": 1717579062436,
            "name": "src\\logs\\success\\success-2024-06-05-15-17.log",
            "hash": "1ac7670768a43b377a3a7c0ba17ee3033bdde525ecb6b78147dc551140395389"
        },
        {
            "date": 1717579479109,
            "name": "src\\logs\\success\\success-2024-06-05-15-24.log",
            "hash": "bade2910bfb9ba22d8b34fa3846c3ad4894145912d79fa50d9f268a00d49ce31"
        },
        {
            "date": 1717579529941,
            "name": "src\\logs\\success\\success-2024-06-05-15-25.log",
            "hash": "c1f7894d6f085245888cc615bb105ef015783bfa7d3dd5b417b55054e78cccdf"
        },
        {
            "date": 1717579614896,
            "name": "src\\logs\\success\\success-2024-06-05-15-26.log",
            "hash": "4c26875510ac5008f46bfd9912f0b2e498605bb3f51c6b0dd61c75bd23fe536d"
        },
        {
            "date": 1717579624502,
            "name": "src\\logs\\success\\success-2024-06-05-15-27.log",
            "hash": "277a81cb169b3aa2f170f120aa65b275424266e840616886878c4b71a853b375"
        },
        {
            "date": 1717579817815,
            "name": "src\\logs\\success\\success-2024-06-05-15-30.log",
            "hash": "62234731c83d0969c297d98f4693d1ae2f324378c12b56a014aa118f4ccb313b"
        },
        {
            "date": 1717579892846,
            "name": "src\\logs\\success\\success-2024-06-05-15-31.log",
            "hash": "2e1057177f6608d2af6694a0b55c7c29938f65f30f6f80f0d17e30e363d67b59"
        },
        {
            "date": 1717580051846,
            "name": "src\\logs\\success\\success-2024-06-05-15-34.log",
            "hash": "31b7e1a079fde04be99665cc0c621c6497d59e182946251f74d90e9973bf39d6"
        },
        {
            "date": 1717580205770,
            "name": "src\\logs\\success\\success-2024-06-05-15-36.log",
            "hash": "0af7d135ae6e57e1bdc8bce3e204c0f63b85280980bf9b59c4fadd6232c15291"
        },
        {
            "date": 1717667246189,
            "name": "src\\logs\\success\\success-2024-06-06-15-47.log",
            "hash": "b54ed7cd9bdbe3157db9cc165ccf9dfdd1557c798de7b08cb70d852a7331c36a"
        },
        {
            "date": 1717667288818,
            "name": "src\\logs\\success\\success-2024-06-06-15-48.log",
            "hash": "77e4cda3c8fe6549eae56aa778ac04e13afccbcf2d3ef9927233a57178819569"
        },
        {
            "date": 1717667728577,
            "name": "src\\logs\\success\\success-2024-06-06-15-55.log",
            "hash": "f82dfe9b93ace08b12c3cdc319c37c0d4f94a6f2a2397ce3c5bdd627ca63068c"
        },
        {
            "date": 1717667785154,
            "name": "src\\logs\\success\\success-2024-06-06-15-56.log",
            "hash": "ed4763da301388b34b96dbfbf3b753ca2cc1d398824677b44fedf454f218d615"
        },
        {
            "date": 1717667852247,
            "name": "src\\logs\\success\\success-2024-06-06-15-57.log",
            "hash": "26612500d913aa4b5bf6a544cff9d3d4c36d793af195bd60edbecfc51c4c5dec"
        },
        {
            "date": 1717667948480,
            "name": "src\\logs\\success\\success-2024-06-06-15-59.log",
            "hash": "3c1aecef0ca36b2e2f25b8ed3372a21e2f21f9d3144d4e9433e0f9631ce7cf13"
        },
        {
            "date": 1717668049950,
            "name": "src\\logs\\success\\success-2024-06-06-16-00.log",
            "hash": "38f9ae8a05a6f1028b179b08c54df07a7a6ee65a64986d7fcec5eafb4c47d823"
        },
        {
            "date": 1717668074345,
            "name": "src\\logs\\success\\success-2024-06-06-16-01.log",
            "hash": "f11dd0357d8e79ea8e79bed3b6f37651c33b6f3c3dd34c38dab014a3d783172e"
        },
        {
            "date": 1717668160377,
            "name": "src\\logs\\success\\success-2024-06-06-16-02.log",
            "hash": "d6ace2e67d1b93156dadd46856d0e434f2ac682fd0bb0d409bcdde4fd671c6dd"
        },
        {
            "date": 1717668209497,
            "name": "src\\logs\\success\\success-2024-06-06-16-03.log",
            "hash": "4b6bfa5b8eb5b4b60523184c484ad5606e1837f3f827ef4ec3a808822b2da417"
        },
        {
            "date": 1717668257641,
            "name": "src\\logs\\success\\success-2024-06-06-16-04.log",
            "hash": "f02438cb2ec5d5da90f9d63abaa41dc48562edfc6d994b4e305808dbdb6d4282"
        },
        {
            "date": 1717668379159,
            "name": "src\\logs\\success\\success-2024-06-06-16-06.log",
            "hash": "57a517a562c344c014fa635914b1cd7d4d7a502f906998e8b68c9abf9df670f0"
        },
        {
            "date": 1717668438343,
            "name": "src\\logs\\success\\success-2024-06-06-16-07.log",
            "hash": "8149013f930a7b7bc3c73652b507af38147991d3dbe778cfef8bc6ba33815965"
        },
        {
            "date": 1717668520608,
            "name": "src\\logs\\success\\success-2024-06-06-16-08.log",
            "hash": "adf20f1db1ddbff0806aa201fa79036b9ea70f206791bd66e5a6d096baf0b42d"
        },
        {
            "date": 1717668944024,
            "name": "src\\logs\\success\\success-2024-06-06-16-15.log",
            "hash": "c92d9b712121f3fa61fe032d414a27e63e054565e654c1fa46a8671d69f10c86"
        },
        {
            "date": 1717669067362,
            "name": "src\\logs\\success\\success-2024-06-06-16-17.log",
            "hash": "d88c3faa71fe57203a9ae29e744c173d5de3d768ba5aebf849e7cec630b4ea48"
        },
        {
            "date": 1717669086441,
            "name": "src\\logs\\success\\success-2024-06-06-16-18.log",
            "hash": "f1ecf0e68112ab267132be9e619805394bc12c80e55f510428dfafed8acfc4d8"
        },
        {
            "date": 1717669382089,
            "name": "src\\logs\\success\\success-2024-06-06-16-23.log",
            "hash": "af11f3e7de160fd489ed2717a9c0e951448f162febe6748fe786c7486a31441c"
        },
        {
            "date": 1717669520294,
            "name": "src\\logs\\success\\success-2024-06-06-16-25.log",
            "hash": "db9de6fe40d30f53e9341e834c766703a1a2acdcc88c55f6d6c26dbff848e009"
        },
        {
            "date": 1717670019957,
            "name": "src\\logs\\success\\success-2024-06-06-16-33.log",
            "hash": "ba95c29271746577f2b026d9baeeb980ecbebcdb0c4ba6066637998485ee58d3"
        },
        {
            "date": 1717670070535,
            "name": "src\\logs\\success\\success-2024-06-06-16-34.log",
            "hash": "74b5ae9fb023eee385e7386628cf41f1b714b03125b0ff36b6504ff37984b904"
        },
        {
            "date": 1717723184731,
            "name": "src\\logs\\success\\success-2024-06-07-07-19.log",
            "hash": "144d5d5371bf0e4c7517a374acca1397c8c6d6462ef440abc1ff3b84a4562b2e"
        },
        {
            "date": 1717723230723,
            "name": "src\\logs\\success\\success-2024-06-07-07-20.log",
            "hash": "f8004ce141a5724cbc974289d4e218af2a86024f9165772fbf241e7decab748d"
        },
        {
            "date": 1717723261543,
            "name": "src\\logs\\success\\success-2024-06-07-07-21.log",
            "hash": "532f73a6d5e955480329233d326a56977a790ed20f680f08f179423604355db1"
        },
        {
            "date": 1717723321096,
            "name": "src\\logs\\success\\success-2024-06-07-07-22.log",
            "hash": "b10b3beffc58e490391a6eaa3d08f88d09180e72e3fa42fbfebb8af7eedb3f73"
        },
        {
            "date": 1717723396144,
            "name": "src\\logs\\success\\success-2024-06-07-07-23.log",
            "hash": "2121017659335f9472514d111bca6e278240501da3287eb185f04b3f8121416f"
        },
        {
            "date": 1717723481833,
            "name": "src\\logs\\success\\success-2024-06-07-07-24.log",
            "hash": "3e53ce63a84bedc3500aa966fcbad3c56763e43ad5b780db22a286802a1daced"
        },
        {
            "date": 1717723661245,
            "name": "src\\logs\\success\\success-2024-06-07-07-27.log",
            "hash": "7d2e462e411fd552666270befda56ffa313e85e6874a15e01bdf25c953aef6bd"
        },
        {
            "date": 1717723847555,
            "name": "src\\logs\\success\\success-2024-06-07-07-30.log",
            "hash": "347d17dd521afcc73f31abb4ce7119535b5f7ec20af531915ccf6712ce0f8a66"
        },
        {
            "date": 1717723870958,
            "name": "src\\logs\\success\\success-2024-06-07-07-31.log",
            "hash": "451cb346300a08ea17fa720e7e9d23bc29f5e3bfc887b86ae311969b323293f6"
        },
        {
            "date": 1717723938116,
            "name": "src\\logs\\success\\success-2024-06-07-07-32.log",
            "hash": "a440d193071474f9b341822ee52b04586670ca2c6412f2098f858e73c972a9c7"
        },
        {
            "date": 1717734349842,
            "name": "src\\logs\\success\\success-2024-06-07-10-25.log",
            "hash": "59f9ce44d7601c94fbe5f1320b9873d21c0d33eb0b59a28ab036e747e3e6fba2"
        },
        {
            "date": 1717735152512,
            "name": "src\\logs\\success\\success-2024-06-07-10-39.log",
            "hash": "30c1269b3516fcb5bdbb3f60b77cbbd1caccf854fc0d7ccb5d584a8f4ca2b4cd"
        },
        {
            "date": 1717735219547,
            "name": "src\\logs\\success\\success-2024-06-07-10-40.log",
            "hash": "d726623c79f63ed2b3dcd37fa9ba758eafab4c57909375547ec36d236b84cb5f"
        },
        {
            "date": 1717735307612,
            "name": "src\\logs\\success\\success-2024-06-07-10-41.log",
            "hash": "ea70041a05d86d34caa9912353751cf8c71ecab83b8d5d52c7a76715f4f8a190"
        },
        {
            "date": 1717735344449,
            "name": "src\\logs\\success\\success-2024-06-07-10-42.log",
            "hash": "de004c5093c7ab8a68d325b7699a5926e2fb1e4c547bd85eb65bae756b4af1ba"
        },
        {
            "date": 1717735404147,
            "name": "src\\logs\\success\\success-2024-06-07-10-43.log",
            "hash": "c62a1e5b4e2d7df3ef134d62ccfa46e483386fc58a3a7685d971ea02bb850ef9"
        },
        {
            "date": 1717735479635,
            "name": "src\\logs\\success\\success-2024-06-07-10-44.log",
            "hash": "6cadf01e4f96179ec59a4c0d25a442187520aeab16859c47930b8de714eda10c"
        },
        {
            "date": 1717735502071,
            "name": "src\\logs\\success\\success-2024-06-07-10-45.log",
            "hash": "c1fbcb58ddb5ac96bd9b64a2abc5e239d6f1f4380aae812a87c0abaf054b1650"
        },
        {
            "date": 1717735608475,
            "name": "src\\logs\\success\\success-2024-06-07-10-46.log",
            "hash": "f1ce28d088817a294b63af213fe45fffcb28409545fc102294763b82ee1a0e90"
        },
        {
            "date": 1717735622043,
            "name": "src\\logs\\success\\success-2024-06-07-10-47.log",
            "hash": "e7cfc0809ebedaa091724f92c0b25938400fc9bbe11f64c8965e93da22bfb4ac"
        },
        {
            "date": 1717736214696,
            "name": "src\\logs\\success\\success-2024-06-07-10-56.log",
            "hash": "a1fa2d92f7f6b883f505a7b6bbaedcab3dcc33adbaa008f3f36886d5d4affe8d"
        },
        {
            "date": 1717736226168,
            "name": "src\\logs\\success\\success-2024-06-07-10-57.log",
            "hash": "3affaec6411b07e99a2b7ad2e709f9402ea505f04f8b6a248367e18d1160f0a7"
        },
        {
            "date": 1717736285092,
            "name": "src\\logs\\success\\success-2024-06-07-10-58.log",
            "hash": "fac0ae406ba7e011f4f35badc5ce7d38eaf245de8059b6ddd8d161d732f1ceff"
        },
        {
            "date": 1717736341579,
            "name": "src\\logs\\success\\success-2024-06-07-10-59.log",
            "hash": "f8f7ff54d050c16ea350d8a5e64e5d6e76ddd731d5abb4f11a5c2f8da01ee5ac"
        },
        {
            "date": 1717736495549,
            "name": "src\\logs\\success\\success-2024-06-07-11-01.log",
            "hash": "220f370ab9ab3d5b1133c796fe96212bd31dbe2150d18a3184d8cdc9a4c6dc5d"
        },
        {
            "date": 1717736722683,
            "name": "src\\logs\\success\\success-2024-06-07-11-05.log",
            "hash": "1bd6ac7aaa3c1e80bc218e9138f053e7014aa65f99c6b43f57a65069bbd1d4a3"
        },
        {
            "date": 1717736784145,
            "name": "src\\logs\\success\\success-2024-06-07-11-06.log",
            "hash": "c946a73e2e4d18a9a1b57743400eb27f4c1fff9604c5a96aa6e20b4441ff7782"
        },
        {
            "date": 1717736871627,
            "name": "src\\logs\\success\\success-2024-06-07-11-07.log",
            "hash": "fa852f3b642350edaee0b934eaa7900830abe1adf7e297adfa35e53f5ef78c9e"
        },
        {
            "date": 1717736892386,
            "name": "src\\logs\\success\\success-2024-06-07-11-08.log",
            "hash": "227e188e84df4fd7119a3684544fd038c6bd8389d0157deffb826670dd167e45"
        },
        {
            "date": 1717737062723,
            "name": "src\\logs\\success\\success-2024-06-07-11-11.log",
            "hash": "df8a779ef97ebbec529635b8c94609165e9fd285ec408274286811aee9664db1"
        },
        {
            "date": 1717737129813,
            "name": "src\\logs\\success\\success-2024-06-07-11-12.log",
            "hash": "a21175058700e11e80d467865247e895f9b4294141b7f7775509596c045d4914"
        },
        {
            "date": 1717737254983,
            "name": "src\\logs\\success\\success-2024-06-07-11-14.log",
            "hash": "3c6181c0f9a7073a84e374d76527eccae57e6136490d9c600d8dd388c6f0af4d"
        },
        {
            "date": 1717737395640,
            "name": "src\\logs\\success\\success-2024-06-07-11-16.log",
            "hash": "c26d662e50a1bde23126ec127a4fbba69def020eb31858c5dc33b017994812ef"
        },
        {
            "date": 1717737461149,
            "name": "src\\logs\\success\\success-2024-06-07-11-17.log",
            "hash": "1bdbe957ac02a6088ec310476b5b59a17df7562282044f7fda8b4e0309ce5f28"
        },
        {
            "date": 1717737499088,
            "name": "src\\logs\\success\\success-2024-06-07-11-18.log",
            "hash": "5cebe429fecd52ac74494ff2e41ae64deaad162e6fbe7bb5d25cf2e1874c2fa6"
        },
        {
            "date": 1717737559973,
            "name": "src\\logs\\success\\success-2024-06-07-11-19.log",
            "hash": "94e76cc85a160319a57ff5ca74840fe081fd423987cb9839ad2aa15c18bae2f4"
        },
        {
            "date": 1717737624503,
            "name": "src\\logs\\success\\success-2024-06-07-11-20.log",
            "hash": "f0be956f743e539ffaedf6706d428771ac8a66a51419f032eab68adaa208518c"
        },
        {
            "date": 1717737753974,
            "name": "src\\logs\\success\\success-2024-06-07-11-22.log",
            "hash": "680f5521b15450fe5743bad5c3a1512e34d305044e5b6f8c02ba630e4cc20ee3"
        },
        {
            "date": 1717737796880,
            "name": "src\\logs\\success\\success-2024-06-07-11-23.log",
            "hash": "17f548125f6b8a269d4f89efcc367dc91d064e6f6a951f645a9b6e04696cd7e9"
        },
        {
            "date": 1717737877383,
            "name": "src\\logs\\success\\success-2024-06-07-11-24.log",
            "hash": "38354ece701a80c9c764e2570fc3eb35758ed3c48cbb086ed0dc321c57d7171d"
        },
        {
            "date": 1717737971978,
            "name": "src\\logs\\success\\success-2024-06-07-11-26.log",
            "hash": "0a15ffccb32084065eb5065420c2139c906cb3acd9c4983df5e4b340e71f8c38"
        },
        {
            "date": 1717738067479,
            "name": "src\\logs\\success\\success-2024-06-07-11-27.log",
            "hash": "1845c00bb1676a5a33d5a2da76619a84ee10208641fa9ba508c8e5e6eb2f9109"
        },
        {
            "date": 1717738131187,
            "name": "src\\logs\\success\\success-2024-06-07-11-28.log",
            "hash": "1bf83cfecb0e9836ffffee1847d5a576062c4df57eb33cee3818ce7d5232a68e"
        },
        {
            "date": 1717738206041,
            "name": "src\\logs\\success\\success-2024-06-07-11-30.log",
            "hash": "63c0766f99edb7f37d12e80aa4da0eb4d1b1c63291c479e2d9563edc87d33b3b"
        },
        {
            "date": 1717738260190,
            "name": "src\\logs\\success\\success-2024-06-07-11-31.log",
            "hash": "3f4c8972fe9c7e4217bd0ffda02e4d6a0d42963f83454a95a2ffae581aafb518"
        },
        {
            "date": 1717738344337,
            "name": "src\\logs\\success\\success-2024-06-07-11-32.log",
            "hash": "48289a05c20508b2c0f054dc0e93d94c0b9cbd0a2614635d76dc13447f3b50d3"
        },
        {
            "date": 1717738385787,
            "name": "src\\logs\\success\\success-2024-06-07-11-33.log",
            "hash": "4b975a4433edfefc52c31648031b8380db8784d2b806caca31229a51ce18a63b"
        },
        {
            "date": 1717738464463,
            "name": "src\\logs\\success\\success-2024-06-07-11-34.log",
            "hash": "a619ee9ba4b3956dab7c17a618ec0c60f8ecc73ebbfeaef69578517803619a53"
        },
        {
            "date": 1717738582944,
            "name": "src\\logs\\success\\success-2024-06-07-11-36.log",
            "hash": "1d48cb7222163fc7684bdb444a2532f9a3bc37c6c7a1398437bcc7a56ef7c420"
        },
        {
            "date": 1717738634863,
            "name": "src\\logs\\success\\success-2024-06-07-11-37.log",
            "hash": "2bf4fd5d8705540213958bd2cfcde894d94ef0a6a2cc9e2c3fef7a591460971e"
        },
        {
            "date": 1717738685666,
            "name": "src\\logs\\success\\success-2024-06-07-11-38.log",
            "hash": "8558d979ae9233a5b73f784048a0ba70d9c9ccc52bf57049533d62c6fac6cc26"
        },
        {
            "date": 1717738861545,
            "name": "src\\logs\\success\\success-2024-06-07-11-41.log",
            "hash": "a93809395e32efb403f78982121065b00871ae5d3376a5135a39171899f9e098"
        },
        {
            "date": 1717739057397,
            "name": "src\\logs\\success\\success-2024-06-07-11-44.log",
            "hash": "d21d42cef94cb7356ca01b1396b8aa81048b3d30a598f7119877e09eb11a7ceb"
        },
        {
            "date": 1717739124414,
            "name": "src\\logs\\success\\success-2024-06-07-11-45.log",
            "hash": "b4cb8aeb0ae3523d5dceaf43fdcb359e2e2b5609bb08e0b658b545fc2501a6f5"
        },
        {
            "date": 1717739173937,
            "name": "src\\logs\\success\\success-2024-06-07-11-46.log",
            "hash": "bcd702d394db755e145f74af9c59361c301b3751544bed9eb09998a3473aaaf8"
        },
        {
            "date": 1717739222011,
            "name": "src\\logs\\success\\success-2024-06-07-11-47.log",
            "hash": "1b4b615f7f0a9e7f3aa0bd763e812fdea212febe22e4874c40145f9da711a0e0"
        },
        {
            "date": 1717739288329,
            "name": "src\\logs\\success\\success-2024-06-07-11-48.log",
            "hash": "44dded53d016c8367ae908c22e53be1f4200cc31f70f150db47f590a6d8dad3f"
        },
        {
            "date": 1717739350795,
            "name": "src\\logs\\success\\success-2024-06-07-11-49.log",
            "hash": "ac49850b1ffc0e80f245ccec1a8205756d68c30f767daf82e9e0d01088ce6c3b"
        },
        {
            "date": 1717739427302,
            "name": "src\\logs\\success\\success-2024-06-07-11-50.log",
            "hash": "d5553260387ca188291fded3731af180b8f2d947ee4e121077480c44b9e60bd1"
        },
        {
            "date": 1717739460242,
            "name": "src\\logs\\success\\success-2024-06-07-11-51.log",
            "hash": "388b2c04b6bb020e2eb2206ca1bdf5a34886934567251a56efd2fb2f0e06c576"
        },
        {
            "date": 1717739569010,
            "name": "src\\logs\\success\\success-2024-06-07-11-52.log",
            "hash": "202807eb9e5c5450ee949f547d899b8e7de04126da61c12fa8852d43f8917e1c"
        },
        {
            "date": 1717739605456,
            "name": "src\\logs\\success\\success-2024-06-07-11-53.log",
            "hash": "82f29d21aee5e799a096eca971bc11e854b0e3b59c4dca69006d579a82161576"
        },
        {
            "date": 1717739647108,
            "name": "src\\logs\\success\\success-2024-06-07-11-54.log",
            "hash": "e9ddf6244a5657ec8c7f6b03037bb4f837f9c1b482dc530c39e9c3989a9afb02"
        },
        {
            "date": 1717739709016,
            "name": "src\\logs\\success\\success-2024-06-07-11-55.log",
            "hash": "2d6b930baf84af10b130efc5ac51d79d498cd0841f456a3eaf6b7aeb83759ab9"
        },
        {
            "date": 1717739766742,
            "name": "src\\logs\\success\\success-2024-06-07-11-56.log",
            "hash": "c07a8e1555dd67b5ea310e5fcc7db79dd17e0809220b317c525b6b94be45b5b9"
        },
        {
            "date": 1717739822135,
            "name": "src\\logs\\success\\success-2024-06-07-11-57.log",
            "hash": "3c52c27818bed934a3e8e71bfcfaff3e5e01ce5c0c73fad559f8130ffa5cb9da"
        },
        {
            "date": 1717739887095,
            "name": "src\\logs\\success\\success-2024-06-07-11-58.log",
            "hash": "a29053ed9f180c690bf09593a1f71edaceb74609415e488fb1c453a30d369a99"
        },
        {
            "date": 1717739944248,
            "name": "src\\logs\\success\\success-2024-06-07-11-59.log",
            "hash": "c143ccd4824eaca288ce12be79ec79c47388dcdb619a3d5314e46fbefae6747d"
        },
        {
            "date": 1717740016449,
            "name": "src\\logs\\success\\success-2024-06-07-12-00.log",
            "hash": "e6df8c70229a8bbc4d590671380f0f47f37aec08f78ee8b2304c425ae8ddcf0b"
        },
        {
            "date": 1717740060077,
            "name": "src\\logs\\success\\success-2024-06-07-12-01.log",
            "hash": "f5a1289305313a9ced6a5c54d1c7eedbbafc4a7922838019073d22525c37a289"
        },
        {
            "date": 1717740153605,
            "name": "src\\logs\\success\\success-2024-06-07-12-02.log",
            "hash": "8dfdad3fa9649c09f3157da8f62f8efc430c1541ee8103fcb4b0ad7842f1cc25"
        },
        {
            "date": 1717740188568,
            "name": "src\\logs\\success\\success-2024-06-07-12-03.log",
            "hash": "7dad45c0d4c65b8458b8e8ebf5d9de8e0ba0e77d4ea509b4f1bfc1a6f469d0b7"
        },
        {
            "date": 1717740242714,
            "name": "src\\logs\\success\\success-2024-06-07-12-04.log",
            "hash": "54c73b8db59c600744344a77dfe80394eca56448e1ad0f4c5e65b27116bba7e2"
        },
        {
            "date": 1717740346329,
            "name": "src\\logs\\success\\success-2024-06-07-12-05.log",
            "hash": "c4040cf1238a33437673553fed03f9c2e788a32d8216c4114e5ed00560b90cb9"
        },
        {
            "date": 1717740390744,
            "name": "src\\logs\\success\\success-2024-06-07-12-06.log",
            "hash": "ae475e8ccfee65c8f99f58046f7984eaa276630ead302b56110d86cb5e6f625b"
        },
        {
            "date": 1717740420502,
            "name": "src\\logs\\success\\success-2024-06-07-12-07.log",
            "hash": "80234285fe2463abc28f07e341629c2531e82e2416fd7e0d0b756ff59f39fb69"
        },
        {
            "date": 1717741641675,
            "name": "src\\logs\\success\\success-2024-06-07-12-27.log",
            "hash": "984570660a80fdd452edddff2c3d44730112e63b523956f7579063d4fd516b68"
        },
        {
            "date": 1717741689915,
            "name": "src\\logs\\success\\success-2024-06-07-12-28.log",
            "hash": "c21210c49e390a77fde33fa303155d1d57d3985a5b641b2a7955f0134a6e9224"
        },
        {
            "date": 1717741809361,
            "name": "src\\logs\\success\\success-2024-06-07-12-30.log",
            "hash": "8eb8dd8c525ebc8cdc8a673af5153cd930d1385a353b01b739ee301942e2d392"
        },
        {
            "date": 1718001500684,
            "name": "src\\logs\\success\\success-2024-06-10-12-38.log",
            "hash": "012a91f394f1c6006e6f0dba3192939e0d6189fb281c2fc96600b0ed0dc46eb3"
        },
        {
            "date": 1718001561219,
            "name": "src\\logs\\success\\success-2024-06-10-12-39.log",
            "hash": "f32a18e4794f2887995fbfd29837f282d4e84aa9620d326b0480fd22c589cd66"
        },
        {
            "date": 1718026142482,
            "name": "src\\logs\\success\\success-2024-06-10-19-29.log",
            "hash": "f937aba5988e97cb33df11660f19847b301e8765860a9df24716abfb893d9fe4"
        },
        {
            "date": 1718027139699,
            "name": "src\\logs\\success\\success-2024-06-10-19-45.log",
            "hash": "f2e1fd3deb31185dd24d505c3e73f4689a48faf6236263d21a34bedf1a493f0c"
        },
        {
            "date": 1718029317339,
            "name": "src\\logs\\success\\success-2024-06-10-20-21.log",
            "hash": "04afad91a8f9e98d1b2818aaf7ff09ecc51ef29e3cbefe5417adfc1859e164e0"
        },
        {
            "date": 1718032062532,
            "name": "src\\logs\\success\\success-2024-06-10-21-07.log",
            "hash": "ad2d2e5d33d0565a0354bf133495e17d64dcc489d46798f787365d9973e67dcb"
        },
        {
            "date": 1718032082089,
            "name": "src\\logs\\success\\success-2024-06-10-21-08.log",
            "hash": "d856d79bfea3f1c49a0c7e833e2b4d70a9ee70e13f60478e8db7d2f9124b75ad"
        },
        {
            "date": 1718032159895,
            "name": "src\\logs\\success\\success-2024-06-10-21-09.log",
            "hash": "52683954e88c6618bc018a072c79d801ef80740d244766849f8e03c4fc7648a6"
        },
        {
            "date": 1718032282872,
            "name": "src\\logs\\success\\success-2024-06-10-21-11.log",
            "hash": "cbecc5dc92aa1495b8fe7adf6407fa264909c79a5aa4a5da416eb731bc38c319"
        },
        {
            "date": 1718032718302,
            "name": "src\\logs\\success\\success-2024-06-10-21-18.log",
            "hash": "f86cdc9fb15042ec95ed7cd71d131a66e614634ed20827775c98ccd7bca3df51"
        },
        {
            "date": 1718032740171,
            "name": "src\\logs\\success\\success-2024-06-10-21-19.log",
            "hash": "630f5db77102a1e6150b7d511c8d5ef3d79cc798ac495c3e3b710d9279982a50"
        },
        {
            "date": 1718032807390,
            "name": "src\\logs\\success\\success-2024-06-10-21-20.log",
            "hash": "16166a3d0fabc9cbf2f7e33373fd2c263b247fdc1df5f4347c9857b64151ffb0"
        },
        {
            "date": 1718034909626,
            "name": "src\\logs\\success\\success-2024-06-10-21-55.log",
            "hash": "7335a3ac9efa1dfe5978c968f197d238b1dc2d9e35bcd9debfaea407753e2b98"
        },
        {
            "date": 1718034990915,
            "name": "src\\logs\\success\\success-2024-06-10-21-56.log",
            "hash": "5ac98a0fcec593cf6e2715353c7c59933a705bf60de7be20f7f62acf045244b5"
        },
        {
            "date": 1718035026373,
            "name": "src\\logs\\success\\success-2024-06-10-21-57.log",
            "hash": "cedaeebf96d68a4935c390155cfd398f0c6df6d4e4494ef80c3d9cc26399f8c7"
        },
        {
            "date": 1718035082351,
            "name": "src\\logs\\success\\success-2024-06-10-21-58.log",
            "hash": "bf137c93e88a1745f653a23b52f868902b1bc2cfbd4f7fe44b856aedeb7b4dbf"
        },
        {
            "date": 1718035142178,
            "name": "src\\logs\\success\\success-2024-06-10-21-59.log",
            "hash": "8203984ec86ae6898e16026bc192cbfe13ed72150d5e3fe9133eac29c865e3c0"
        },
        {
            "date": 1718035238784,
            "name": "src\\logs\\success\\success-2024-06-10-22-00.log",
            "hash": "88f0cf789a1c9a8d38a25f61c11a020ec1cd753007857a0af37d9a3813b33477"
        },
        {
            "date": 1718035865764,
            "name": "src\\logs\\success\\success-2024-06-10-22-11.log",
            "hash": "d73826a90f1592e9e16374b2958112dfef2bd843131edb35ae5316c9a636caa7"
        },
        {
            "date": 1718036579823,
            "name": "src\\logs\\success\\success-2024-06-10-22-22.log",
            "hash": "e3228148de52a805ddb34f2ed63635954e9ba5b1711e5aa7f4a3b86c084be0ab"
        },
        {
            "date": 1718036580553,
            "name": "src\\logs\\success\\success-2024-06-10-22-23.log",
            "hash": "1d360f4ec2c368f7dd9bef79667fd46876c9903ecec832f97ceea33a4f02a6a1"
        },
        {
            "date": 1718037150028,
            "name": "src\\logs\\success\\success-2024-06-10-22-32.log",
            "hash": "d950e36962e64437973bc65ba8ae5c9b55a40e1284422c4e05985e9e1049d00a"
        },
        {
            "date": 1718037991182,
            "name": "src\\logs\\success\\success-2024-06-10-22-46.log",
            "hash": "1f90539c8d637dfd6289fd95fb77ec5fa6d8b6dc72bccd5f7098fa62a09a5d70"
        },
        {
            "date": 1718038895840,
            "name": "src\\logs\\success\\success-2024-06-10-23-01.log",
            "hash": "edadbdb28a6450229bbea2a6bdcd016368ad5202de0c94c28e411990bf052c04"
        },
        {
            "date": 1718039651211,
            "name": "src\\logs\\success\\success-2024-06-10-23-14.log",
            "hash": "c5bf4bd5161b6fb07941bf649895ed09bc302e4405e57476ab816c9b32548198"
        },
        {
            "date": 1718039780801,
            "name": "src\\logs\\success\\success-2024-06-10-23-16.log",
            "hash": "37b2e1cd79bc096e16406650d6ead0b2f475540969498c3e947c42f12223b813"
        },
        {
            "date": 1718039826829,
            "name": "src\\logs\\success\\success-2024-06-10-23-17.log",
            "hash": "36bf3d193204dabbdf3c86bce6d2c575b26ceefc571b3c86cae786210026610f"
        },
        {
            "date": 1718039883444,
            "name": "src\\logs\\success\\success-2024-06-10-23-18.log",
            "hash": "2548772a1733e9705947a28e6cdb2df30329834b539ef1a98eff114a50051b27"
        },
        {
            "date": 1718039959682,
            "name": "src\\logs\\success\\success-2024-06-10-23-19.log",
            "hash": "da761d3c9150d28378886c93f3c798392532394c85d217ac523399785b696991"
        },
        {
            "date": 1718040050881,
            "name": "src\\logs\\success\\success-2024-06-10-23-20.log",
            "hash": "747b2d13f46c9aed82c641bb1110f85d79318b0d94d418e2de03157e3e2ba469"
        },
        {
            "date": 1718040062502,
            "name": "src\\logs\\success\\success-2024-06-10-23-21.log",
            "hash": "2329a788cb9a7328bdf94d5313d36346533f64b4871c9106f8fecaf798a37f28"
        },
        {
            "date": 1718040229373,
            "name": "src\\logs\\success\\success-2024-06-10-23-23.log",
            "hash": "fec872b0a0bb2b7d8b167ec947dc8f8a0bb16740c2589a4a0db0e0619eceb279"
        },
        {
            "date": 1718040255550,
            "name": "src\\logs\\success\\success-2024-06-10-23-24.log",
            "hash": "ade10d67016037e44411218679b1d35505dbedfd081dc39160ab4cf7e4e5ed0f"
        },
        {
            "date": 1718040408503,
            "name": "src\\logs\\success\\success-2024-06-10-23-26.log",
            "hash": "959384492d6dd504af5fdbc76e336787d77ad4ea07ea77935e7f0342f7b5d356"
        },
        {
            "date": 1718042782993,
            "name": "src\\logs\\success\\success-2024-06-11-00-06.log",
            "hash": "e5a1c0366b92ebd613aa632b67b83d67862d91f344f073f28b9e9eea3d4001a9"
        }
    ],
    "hashType": "sha256"
}